{
  "certificate_id": "TBRC-2025-01-FORTUNE3K-ORG001",
  "organization_id": "FORTUNE3K-ORG001",
  "period": {
    "start_utc": "2025-01-01T00:00:00Z",
    "end_utc": "2025-01-31T23:59:59Z"
  },
  "metrics": {
    "uptime_percentage": 99.97,
    "total_downtime_seconds": 259,
    "cross_region_latency_p99_ms": 287,
    "incidents_total": 2,
    "incidents_critical_p0_p1": 0,
    "drift_events_detected": 0,
    "sbom_updates_count": 8928,
    "governance_votes_count": 12,
    "failover_drills_count": 5,
    "failover_drills_avg_time_ms": 85
  },
  "sla_compliance": {
    "target_uptime": 99.95,
    "actual_uptime": 99.97,
    "status": "EXCEEDED",
    "penalty_triggered": false
  },
  "validation_metadata": {
    "issued_by": "Fortune-3000 Governance Council",
    "timestamp_issued_utc": "2025-02-01T00:00:00Z",
    "public_ledger_url": "https://ledger.fortune3000.io/tbrc/2025-01-FORTUNE3K-ORG001"
  },
  "validator_signatures": [
    {
      "node_id": "validator-eu-001",
      "timestamp_signed_utc": "2025-02-01T00:00:05Z",
      "signature": "0x8a4f2c... [EDCSA-521 signature of digest]"
    },
    {
      "node_id": "validator-us-001",
      "timestamp_signed_utc": "2025-02-01T00:00:15Z",
      "signature": "0x3b7e9d... [EDCSA-521 signature of digest]"
    }
  ],
  "council_seal_signature": "0x9d3f8a... [EDCSA-521 signature of digest by Fortune-3000 Council]"
}